,Scheme Name ,Purchase Date,Transaction Type,Amount (Rs.),Price  (Rs.),Units
,Parag Parikh Flexi Cap Fund - Regular Plan - Growth,09/06/2017,New Investment ,5000,20.6793,241.788
,Parag Parikh Flexi Cap Fund - Regular Plan - Growth,11/07/2017,Additional Investment ,5000,20.843,239.889
,Parag Parikh Flexi Cap Fund - Regular Plan - Growth,09/08/2017,Additional Investment ,5000,21.0585,237.434
,Parag Parikh Flexi Cap Fund - Regular Plan - Growth,11/09/2017,Additional Investment ,10000,21.801,458.695
,Parag Parikh Flexi Cap Fund - Regular Plan= - Growth,10/10/2017,Additional Investment ,10000,22.2062,450.325
,Parag Parikh Flexi Cap Fund - Regular Plan - Growth,09/11/2017,Additional Investment ,10000,22.6972,440.583
,Parag Parikh Flexi Cap Fund - Regular Plan - Growth,11/12/2017,Additional Investment ,10000,23.0909,433.071
,Parag Parikh Flexi Cap Fund - Regular Plan - Growth,09/01/2018,Additional Investment ,10000,23.8074,420.037
,Parag Parikh Flexi Cap Fund - Regular Plan - Growth,09/02/2018,Additional Investment ,10000,23.0323,434.173
,Parag Parikh Flexi Cap Fund - Regular Plan - Growth,09/03/2018,Additional Investment ,10000,23.2336,430.411
,Parag Parikh Flexi Cap Fund - Regular Plan - Growth,10/04/2018,Additional Investment ,10000,22.9069,436.55
,Parag Parikh Flexi Cap Fund - Regular Plan - Growth,09/05/2018,Additional Investment ,10000,23.4069,427.224
,Parag Parikh Flexi Cap Fund - Regular Plan - Growth,15/06/2018,Additional Investment ,10000,24.2186,412.906
,Parag Parikh Flexi Cap Fund - Regular Plan - Growth,10/07/2018,Additional Investment ,10000,24.6922,404.986
,Parag Parikh Flexi Cap Fund - Regular Plan - Growth,09/08/2018,Additional Investment ,10000,25.3014,395.235
,Parag Parikh Flexi Cap Fund - Regular Plan - Growth,11/09/2018,Additional Investment ,10000,25.178,397.172
,Parag Parikh Flexi Cap Fund - Regular Plan - Growth,09/10/2018,Additional Investment ,10000,23.3565,428.146
,Parag Parikh Flexi Cap Fund - Regular Plan - Growth,09/11/2018,Additional Investment ,10000,23.0313,434.192
,Parag Parikh Flexi Cap Fund - Regular Plan - Growth,11/12/2018,Additional Investment ,10000,23.1282,432.373
,Parag Parikh Flexi Cap Fund - Regular Plan - Growth,09/01/2019,Additional Investment ,10000,23.451,426.421
,Parag Parikh Flexi Cap Fund - Regular Plan - Growth,09/04/2019,Additional Investment ,10000,25.0255,399.592
,Parag Parikh Flexi Cap Fund - Regular Plan - Growth,09/05/2019,Additional Investment ,10000,24.6692,405.364
,Parag Parikh Flexi Cap Fund - Regular Plan - Growth,11/06/2019,Additional Investment ,10000,25.307,395.148
,Parag Parikh Flexi Cap Fund - Regular Plan - Growth,09/07/2019,Additional Investment ,10000,25.0506,399.192
,Parag Parikh Flexi Cap Fund - Regular Plan - Growth,09/08/2019,Additional Investment ,10000,24.7311,404.349
,Parag Parikh Flexi Cap Fund - Regular Plan - Growth,11/09/2019,Additional Investment ,10000,25.0192,399.693
,Parag Parikh Flexi Cap Fund - Regular Plan - Growth,10/10/2019,Additional Investment ,10000,24.9239,401.221
,Parag Parikh Flexi Cap Fund - Regular Plan - Growth,11/11/2019,Additional Investment ,10000,26.4092,378.656
,Parag Parikh Flexi Cap Fund - Regular Plan - Growth,10/12/2019,Additional Investment ,10000,26.1356,382.62
,Parag Parikh Flexi Cap Fund - Regular Plan - Growth,09/01/2020,Additional Investment ,10000,26.9707,370.773
,Parag Parikh Flexi Cap Fund - Regular Plan - Growth,11/02/2020,Additional Investment ,10000,28.1105,355.739
,Parag Parikh Flexi Cap Fund - Regular Plan - Growth,11/03/2020,Additional Investment ,10000,24.9975,400.04
,Parag Parikh Flexi Cap Fund - Regular Plan - Growth,13/04/2020,Additional Investment ,10000,22.6226,442.036
,Parag Parikh Flexi Cap Fund - Regular Plan - Growth,11/05/2020,Additional Investment ,10000,23.6931,422.064
,Parag Parikh Flexi Cap Fund - Regular Plan - Growth,09/06/2020,Additional Investment ,10000,26.2705,380.655
,Parag Parikh Flexi Cap Fund - Regular Plan - Growth,09/07/2020,Additional Investment ,10000,28.3438,352.793
,Parag Parikh Flexi Cap Fund - Regular Plan - Growth,11/08/2020,Additional Investment ,10000,30.2264,330.82
,Parag Parikh Flexi Cap Fund - Regular Plan - Growth,09/09/2020,Additional Investment ,10000,30.0601,332.65
,Parag Parikh Flexi Cap Fund - Regular Plan - Growth,09/10/2020,Additional Investment ,10000,31.8137,314.314
,Parag Parikh Flexi Cap Fund - Regular Plan - Growth,10/11/2020,Additional Investment ,10000,32.4878,307.792
,Parag Parikh Flexi Cap Fund - Regular Plan - Growth,09/12/2020,Additional Investment ,10000,34.5138,289.725
,Parag Parikh Flexi Cap Fund - Regular Plan - Growth,11/01/2021,Additional Investment ,10000,35.9973,277.785
,Parag Parikh Flexi Cap Fund - Regular Plan - Growth,12/02/2021,Additional Investment ,10000,38.2601,261.356
,Invesco India Multicap Fund - Growth,11/03/2015,New Investment ,1000,36.2,27.624
,Invesco India Multicap Fund - Growth,13/04/2015,Additional Investment ,1000,37.12,26.94
,Invesco India Multicap Fund - Growth,12/05/2015,Additional Investment ,1000,33.7,29.674
,Invesco India Multicap Fund - Growth,11/06/2015,Additional Investment ,1000,34.1,29.326
,Invesco India Multicap Fund - Growth,13/07/2015,Additional Investment ,1000,36.13,27.678
,Invesco India Multicap Fund - Growth,11/08/2015,Additional Investment ,1000,37.28,26.824
,Invesco India Multicap Fund - Growth,11/09/2015,Additional Investment ,1000,34.1,29.326
,Invesco India Multicap Fund - Growth,13/10/2015,Additional Investment ,1000,35.32,28.313
,Invesco India Multicap Fund - Growth,13/11/2015,Additional Investment ,1000,34.46,29.019
,Invesco India Multicap Fund - Growth,11/12/2015,Additional Investment ,1000,34.1,29.326
,Invesco India Multicap Fund - Growth,12/01/2016,Additional Investment ,1000,34.98,28.588
,Invesco India Multicap Fund - Growth,11/02/2016,Additional Investment ,1000,30.97,32.289
,Invesco India Multicap Fund - Growth,02/03/2020,Redemption ,-16808.13,48.73,-344.927
,Axis Focused 25 Fund - Regular Plan - Growth,05/11/2018,New Investment ,10000,25.6,390.625
,Axis Focused 25 Fund - Regular Plan - Growth,04/12/2018,Additional Investment ,10000,26.45,378.072
,Axis Focused 25 Fund - Regular Plan - Growth,04/01/2019,Additional Investment ,10000,26.33,379.795
,Axis Focused 25 Fund - Regular Plan - Growth,05/03/2019,Additional Investment ,10000,25.98,384.911
,Axis Focused 25 Fund - Regular Plan - Growth,04/04/2019,Additional Investment ,10000,27.28,366.569
,Axis Focused 25 Fund - Regular Plan - Growth,06/05/2019,Additional Investment ,10000,27.32,366.032
,Axis Focused 25 Fund - Regular Plan - Growth,04/06/2019,Additional Investment ,10000,28.92,345.781
,Axis Focused 25 Fund - Regular Plan - Growth,04/07/2019,Additional Investment ,10000,28.91,345.901
,Axis Focused 25 Fund - Regular Plan - Growth,05/08/2019,Additional Investment ,10000,26.98,370.645
,Axis Focused 25 Fund - Regular Plan - Growth,04/09/2019,Additional Investment ,10000,27.05,369.686
,Axis Focused 25 Fund - Regular Plan - Growth,04/10/2019,Additional Investment ,10000,28.82,346.981
,Axis Focused 25 Fund - Regular Plan - Growth,04/12/2019,Additional Investment ,10000,30.33,329.707
,Axis Focused 25 Fund - Regular Plan - Growth,06/01/2020,Additional Investment ,10000,30.19,331.236
,Axis Focused 25 Fund - Regular Plan - Growth,04/02/2020,Additional Investment ,10000,31.73,315.159
,Axis Focused 25 Fund - Regular Plan - Growth,04/03/2020,Additional Investment ,10000,30.41,328.839
,Axis Focused 25 Fund - Regular Plan - Growth,07/04/2020,Additional Investment ,10000,23.36,428.082
,Axis Focused 25 Fund - Regular Plan - Growth,05/05/2020,Additional Investment ,5000,24.31,205.677
,Axis Focused 25 Fund - Regular Plan - Growth,04/06/2020,Additional Investment ,5000,26.14,191.278
,Axis Focused 25 Fund - Regular Plan - Growth,06/07/2020,Additional Investment ,5000,28.01,178.499
,Axis Focused 25 Fund - Regular Plan - Growth,04/08/2020,Additional Investment ,5000,28.44,175.8
,Axis Focused 25 Fund - Regular Plan - Growth,04/09/2020,Additional Investment ,5000,29.49,169.541
,Axis Focused 25 Fund - Regular Plan - Growth,05/10/2020,Additional Investment ,5000,29.66,168.569
,Axis Focused 25 Fund - Regular Plan - Growth,04/11/2020,Additional Investment ,5000,31.02,161.178
,Axis Focused 25 Fund - Regular Plan - Growth,04/12/2020,Additional Investment ,10000,35.11,284.805
,Axis Focused 25 Fund - Regular Plan - Growth,05/01/2021,Additional Investment ,10000,38.12,262.316
,Axis Focused 25 Fund - Regular Plan - Growth,05/02/2021,Additional Investment ,10000,38.47,259.93
,Mirae Asset Large Cap Fund - Regular Plan - Dividend,01/04/2019,Switch In  -  Mirae Asset Emerging Bluechip Fund - Regular Growth ,118472.37,18.226,6500.185
,Mirae Asset Large Cap Fund - Regular Plan - Dividend,10/04/2019,New Investment ,10000,18.061,553.679
,Mirae Asset Large Cap Fund - Regular Plan - Dividend,10/05/2019,Additional Investment ,10000,17.602,568.117
,Mirae Asset Large Cap Fund - Regular Plan - Dividend,11/06/2019,Additional Investment ,10000,18.655,536.049
,Mirae Asset Large Cap Fund - Regular Plan - Dividend,10/07/2019,Additional Investment ,10000,18.049,554.047
,Mirae Asset Large Cap Fund - Regular Plan - Dividend,13/08/2019,Additional Investment ,10000,17.196,581.531
,Mirae Asset Large Cap Fund - Regular Plan - Dividend,11/09/2019,Additional Investment ,10000,17.516,570.907
,Mirae Asset Large Cap Fund - Regular Plan - Dividend,13/11/2019,Additional Investment ,10000,18.717,534.274
,Mirae Asset Large Cap Fund - Regular Plan - Dividend,10/12/2019,Additional Investment ,10000,18.761,533.021
,Mirae Asset Large Cap Fund - Regular Plan - Dividend,16/12/2019,Dividend Reinvestment  @ Rs. 1.3281 P/U,14518.68,17.615,824.223
,Mirae Asset Large Cap Fund - Regular Plan - Dividend,10/01/2020,Additional Investment ,10000,17.876,559.409
,Mirae Asset Large Cap Fund - Regular Plan - Dividend,11/02/2020,Additional Investment ,10000,17.746,563.507
,Mirae Asset Large Cap Fund - Regular Plan - Dividend,11/03/2020,Additional Investment ,10000,15.535,643.708
,Mirae Asset Large Cap Fund - Regular Plan - Dividend,13/04/2020,Additional Investment ,5000,13.32,375.375
,Mirae Asset Large Cap Fund - Regular Plan - Dividend,12/05/2020,Additional Investment ,5000,13.496,370.48
,Mirae Asset Large Cap Fund - Regular Plan - Dividend,10/06/2020,Additional Investment ,5000,14.8,337.838
,Mirae Asset Large Cap Fund - Regular Plan - Dividend,10/07/2020,Additional Investment ,5000,15.835,315.74
,Mirae Asset Large Cap Fund - Regular Plan - Dividend,11/08/2020,Additional Investment ,5000,16.785,297.87
,Mirae Asset Large Cap Fund - Regular Plan - Dividend,10/09/2020,Additional Investment ,5000,17.042,293.378
,Mirae Asset Large Cap Fund - Regular Plan - Dividend,12/10/2020,Additional Investment ,5000,17.545,284.967
,Mirae Asset Large Cap Fund - Regular Plan - Dividend,10/11/2020,Additional Investment ,5000,18.495,270.33
,Mirae Asset Large Cap Fund - Regular Plan - Dividend,10/12/2020,Additional Investment ,10000,19.642,509.088
,Mirae Asset Large Cap Fund - Regular Plan - Dividend,12/01/2021,Additional Investment ,10000,21.186,471.986
,Mirae Asset Large Cap Fund - Regular Plan - Dividend,10/02/2021,Additional Investment ,10000,21.963,455.288
,Mirae Asset Emerging Bluechip Fund - Regular Growth,12/03/2018,New Investment ,10000,48.56,205.931
,Mirae Asset Emerging Bluechip Fund - Regular Growth,10/04/2018,Additional Investment ,10000,49.532,201.89
,Mirae Asset Emerging Bluechip Fund - Regular Growth,10/05/2018,Additional Investment ,10000,49.978,200.088
,Mirae Asset Emerging Bluechip Fund - Regular Growth,11/06/2018,Additional Investment ,10000,49.185,203.314
,Mirae Asset Emerging Bluechip Fund - Regular Growth,10/07/2018,Additional Investment ,10000,48.706,205.314
,Mirae Asset Emerging Bluechip Fund - Regular Growth,10/09/2018,Additional Investment ,10000,51.373,194.655
,Mirae Asset Emerging Bluechip Fund - Regular Growth,10/10/2018,Additional Investment ,10000,46.757,213.872
,Mirae Asset Emerging Bluechip Fund - Regular Growth,12/11/2018,Additional Investment ,10000,48.201,207.465
,Mirae Asset Emerging Bluechip Fund - Regular Growth,10/12/2018,Additional Investment ,10000,47.717,209.569
,Mirae Asset Emerging Bluechip Fund - Regular Growth,10/01/2019,Additional Investment ,10000,50.069,199.724
,Mirae Asset Emerging Bluechip Fund - Regular Growth,11/03/2019,Additional Investment ,10000,51.563,193.938
,Mirae Asset Emerging Bluechip Fund - Regular Growth,01/04/2019,Switch Out  -  Mirae Asset Large Cap Fund - Regular Plan - Dividend ,-118472.37,52.99,-2235.76
,HDFC Mid-Cap Opportunities Fund - Growth,11/03/2015,New Investment ,1000,37.603,26.594
,HDFC Mid-Cap Opportunities Fund - Growth,13/04/2015,Additional Investment ,1000,38.728,25.821
,HDFC Mid-Cap Opportunities Fund - Growth,12/05/2015,Additional Investment ,1000,35.892,27.861
,HDFC Mid-Cap Opportunities Fund - Growth,11/06/2015,Additional Investment ,1000,36.095,27.705
,HDFC Mid-Cap Opportunities Fund - Growth,13/07/2015,Additional Investment ,1000,37.917,26.373
,HDFC Mid-Cap Opportunities Fund - Growth,11/08/2015,Additional Investment ,1000,39.696,25.191
,HDFC Mid-Cap Opportunities Fund - Growth,11/09/2015,Additional Investment ,1000,36.662,27.276
,HDFC Mid-Cap Opportunities Fund - Growth,13/10/2015,Additional Investment ,1000,37.649,26.561
,HDFC Mid-Cap Opportunities Fund - Growth,13/11/2015,Additional Investment ,1000,36.915,27.089
,HDFC Mid-Cap Opportunities Fund - Growth,11/12/2015,Additional Investment ,1000,36.611,27.314
,HDFC Mid-Cap Opportunities Fund - Growth,12/01/2016,Additional Investment ,1000,36.829,27.153
,HDFC Mid-Cap Opportunities Fund - Growth,11/02/2016,Additional Investment ,1000,33.233,30.091
,HDFC Mid-Cap Opportunities Fund - Growth,14/02/2017,New Investment ,10000,46.795,213.698
,HDFC Mid-Cap Opportunities Fund - Growth,14/03/2017,Additional Investment ,10000,47.445,210.77
,HDFC Mid-Cap Opportunities Fund - Growth,12/04/2017,Additional Investment ,10000,50.719,197.165
,HDFC Mid-Cap Opportunities Fund - Growth,12/05/2017,Additional Investment ,10000,52.274,191.3
,HDFC Mid-Cap Opportunities Fund - Growth,13/06/2017,Additional Investment ,10000,52.017,192.245
,HDFC Mid-Cap Opportunities Fund - Growth,12/07/2017,Additional Investment ,10000,53.096,188.338
,HDFC Mid-Cap Opportunities Fund - Growth,14/08/2017,Additional Investment ,10000,52.539,190.335
,HDFC Mid-Cap Opportunities Fund - Growth,12/09/2017,Additional Investment ,10000,54.472,183.581
,HDFC Mid-Cap Opportunities Fund - Growth,12/10/2017,Additional Investment ,10000,54.584,183.204
,HDFC Mid-Cap Opportunities Fund - Growth,14/11/2017,Additional Investment ,10000,56.603,176.669
,HDFC Mid-Cap Opportunities Fund - Growth,12/12/2017,Additional Investment ,10000,57.413,174.177
,HDFC Mid-Cap Opportunities Fund - Growth,12/01/2018,Additional Investment ,10000,61.258,163.244
,HDFC Mid-Cap Opportunities Fund - Growth,14/02/2018,Additional Investment ,10000,57.766,173.112
,HDFC Mid-Cap Opportunities Fund - Growth,13/03/2018,Additional Investment ,10000,56.725,176.289
,HDFC Mid-Cap Opportunities Fund - Growth,12/04/2018,Additional Investment ,10000,58.372,171.315
,HDFC Mid-Cap Opportunities Fund - Growth,14/05/2018,Additional Investment ,10000,58.219,171.765
,HDFC Mid-Cap Opportunities Fund - Growth,12/06/2018,Additional Investment ,10000,57.232,174.727
,HDFC Mid-Cap Opportunities Fund - Growth,12/07/2018,Additional Investment ,10000,56.713,176.326
,HDFC Mid-Cap Opportunities Fund - Growth,02/03/2020,Redemption ,-195192.83,53.724,-3633.289
,Franklin India Smaller Companies Fund - Growth,29/12/2014,New Investment ,5000,35.9135,139.223
,Franklin India Smaller Companies Fund - Growth,16/01/2015,Additional Investment ,5000,37.7375,132.494
,Franklin India Smaller Companies Fund - Growth,18/02/2015,Additional Investment ,5000,38.2927,130.573
,Franklin India Smaller Companies Fund - Growth,17/03/2015,Additional Investment ,5000,38.8945,128.553
,Franklin India Smaller Companies Fund - Growth,16/04/2015,Additional Investment ,5000,39.603,126.253
,Franklin India Smaller Companies Fund - Growth,18/05/2015,Additional Investment ,5000,38.4578,130.013
,Franklin India Smaller Companies Fund - Growth,16/06/2015,Additional Investment ,5000,36.5897,136.65
,Franklin India Smaller Companies Fund - Growth,16/07/2015,Additional Investment ,5000,39.2018,127.545
,Franklin India Smaller Companies Fund - Growth,18/08/2015,Additional Investment ,5000,40.1264,124.606
,Franklin India Smaller Companies Fund - Growth,16/09/2015,Additional Investment ,5000,37.6015,132.973
,Franklin India Smaller Companies Fund - Growth,16/10/2015,Additional Investment ,5000,39.5969,126.273
,Franklin India Smaller Companies Fund - Growth,17/11/2015,Additional Investment ,5000,38.8075,128.841
,Franklin India Smaller Companies Fund - Growth,16/12/2015,Additional Investment ,5000,38.8986,128.539
,Franklin India Smaller Companies Fund - Growth,18/01/2016,Additional Investment ,5000,36.1752,138.216
,Franklin India Smaller Companies Fund - Growth,16/02/2016,Additional Investment ,5000,35.2195,141.967
,Franklin India Smaller Companies Fund - Growth,16/03/2016,Additional Investment ,5000,36.5967,136.624
,Franklin India Smaller Companies Fund - Growth,18/04/2016,Additional Investment ,5000,40.238,124.261
,Franklin India Smaller Companies Fund - Growth,17/05/2016,Additional Investment ,5000,41.0136,121.911
,Franklin India Smaller Companies Fund - Growth,16/06/2016,Additional Investment ,5000,42.447,117.794
,Franklin India Smaller Companies Fund - Growth,18/07/2016,Additional Investment ,10000,44.4423,225.011
,Franklin India Smaller Companies Fund - Growth,16/09/2016,Additional Investment ,10000,47.3914,211.009
,Franklin India Smaller Companies Fund - Growth,17/10/2016,Additional Investment ,10000,48.4465,206.413
,Franklin India Smaller Companies Fund - Growth,16/11/2016,Additional Investment ,10000,44.2113,226.187
,Franklin India Smaller Companies Fund - Growth,16/12/2016,Additional Investment ,10000,44.4986,224.726
,Franklin India Smaller Companies Fund - Growth,02/03/2020,Redemption ,-171366.86,48.0475,-3566.655
,Mirae Asset Large Cap Fund - Regular Plan - Dividend,15/10/2018,Switch In  -  Mirae Asset Large Cap Fund - Regular Plan - Growth ,68541.61,17.951,3818.261
,Mirae Asset Large Cap Fund - Regular Plan - Dividend,06/12/2018,Dividend Reinvestment  @ Rs. 1.4167 P/U,5409.15,16.59,326.049
,Mirae Asset Large Cap Fund - Regular Plan - Dividend,16/12/2019,Dividend Reinvestment  @ Rs. 1.3281 P/U,5504.11,17.615,312.467
,Mirae Asset Large Cap Fund - Regular Plan - Growth,04/04/2018,New Investment ,10000,45.101,221.725
,Mirae Asset Large Cap Fund - Regular Plan - Growth,03/05/2018,Additional Investment ,10000,46.989,212.816
,Mirae Asset Large Cap Fund - Regular Plan - Growth,04/06/2018,Additional Investment ,10000,46.39,215.564
,Mirae Asset Large Cap Fund - Regular Plan - Growth,03/07/2018,Additional Investment ,10000,46.486,215.119
,Mirae Asset Large Cap Fund - Regular Plan - Growth,03/08/2018,Additional Investment ,10000,49.189,203.297
,Mirae Asset Large Cap Fund - Regular Plan - Growth,04/09/2018,Additional Investment ,10000,50.047,199.812
,Mirae Asset Large Cap Fund - Regular Plan - Growth,04/10/2018,Additional Investment ,10000,46.144,216.713
,Mirae Asset Large Cap Fund - Regular Plan - Growth,15/10/2018,Switch Out  -  Mirae Asset Large Cap Fund - Regular Plan - Dividend ,-68541.61,46.155,-1485.046
,Franklin India Flexi Cap Fund - Growth,18/05/2017,New Investment ,10000,531.5921,18.811
,Franklin India Flexi Cap Fund - Growth,19/06/2017,Additional Investment ,10000,537.3628,18.609
,Franklin India Flexi Cap Fund - Growth,18/07/2017,Additional Investment ,10000,555.2843,18.009
,Franklin India Flexi Cap Fund - Growth,18/08/2017,Additional Investment ,10000,550.453,18.167
,Franklin India Flexi Cap Fund - Growth,19/09/2017,Additional Investment ,10000,568.3494,17.595
,Franklin India Flexi Cap Fund - Growth,18/10/2017,Additional Investment ,10000,564.1949,17.724
,Franklin India Flexi Cap Fund - Growth,20/11/2017,Additional Investment ,10000,578.9429,17.273
,Franklin India Flexi Cap Fund - Growth,19/12/2017,Additional Investment ,10000,590.9089,16.923
,Franklin India Flexi Cap Fund - Growth,18/01/2018,Additional Investment ,10000,608.2863,16.44
,Franklin India Flexi Cap Fund - Growth,19/02/2018,Additional Investment ,10000,574.911,17.394
,Franklin India Flexi Cap Fund - Growth,15/10/2018,Switch Out  -  Franklin India Smaller Companies Fund - Growth ,-97131.08,548.9394,-176.945
,Franklin India Smaller Companies Fund - Growth,15/10/2018,Switch In  -  Franklin India Flexi Cap Fund - Growth ,97131.08,51.4937,1886.271
,Franklin India Smaller Companies Fund - Growth,04/04/2019,Switch In  -  Franklin India Bluechip Fund - Growth ,300975.04,54.1568,5557.476
,Franklin India Smaller Companies Fund - Growth,11/04/2019,New Investment ,10000,54.2866,184.208
,Franklin India Smaller Companies Fund - Growth,13/05/2019,Additional Investment ,10000,51.38,194.628
,Franklin India Smaller Companies Fund - Growth,11/06/2019,Additional Investment ,10000,54.4227,183.747
,Franklin India Smaller Companies Fund - Growth,11/07/2019,Additional Investment ,10000,51.5779,193.881
,Franklin India Smaller Companies Fund - Growth,14/08/2019,Additional Investment ,10000,46.9668,212.916
,Franklin India Smaller Companies Fund - Growth,11/09/2019,Additional Investment ,10000,47.8012,209.2
,Franklin India Smaller Companies Fund - Growth,02/03/2020,Redemption ,-411040.57,47.6721,-8622.327
,Franklin India Bluechip Fund - Growth,01/09/2016,New Investment ,10000,390.993,25.576
,Franklin India Bluechip Fund - Growth,14/10/2016,Additional Investment ,10000,385.7494,25.924
,Franklin India Bluechip Fund - Growth,15/11/2016,Additional Investment ,10000,368.2658,27.154
,Franklin India Bluechip Fund - Growth,14/12/2016,Additional Investment ,10000,368.8564,27.111
,Franklin India Bluechip Fund - Growth,16/01/2017,Additional Investment ,10000,378.5611,26.416
,Franklin India Bluechip Fund - Growth,14/02/2017,Additional Investment ,10000,395.3548,25.294
,Franklin India Bluechip Fund - Growth,14/03/2017,Additional Investment ,10000,406.0662,24.627
,Franklin India Bluechip Fund - Growth,17/04/2017,Additional Investment ,10000,409.7139,24.407
,Franklin India Bluechip Fund - Growth,16/05/2017,Additional Investment ,10000,426.1836,23.464
,Franklin India Bluechip Fund - Growth,12/06/2017,New Investment ,10000,426.2069,23.463
,Franklin India Bluechip Fund - Growth,14/06/2017,Additional Investment ,10000,425.8755,23.481
,Franklin India Bluechip Fund - Growth,11/07/2017,Additional Investment ,10000,430.7472,23.215
,Franklin India Bluechip Fund - Growth,14/07/2017,Additional Investment ,10000,435.6868,22.952
,Franklin India Bluechip Fund - Growth,10/08/2017,Additional Investment ,10000,432.034,23.146
,Franklin India Bluechip Fund - Growth,16/08/2017,Additional Investment ,10000,435.3714,22.969
,Franklin India Bluechip Fund - Growth,12/09/2017,Additional Investment ,10000,441.6172,22.644
,Franklin India Bluechip Fund - Growth,14/09/2017,Additional Investment ,10000,442.6595,22.591
,Franklin India Bluechip Fund - Growth,10/10/2017,Additional Investment ,10000,440.277,22.713
,Franklin India Bluechip Fund - Growth,16/10/2017,Additional Investment ,10000,448.5239,22.295
,Franklin India Bluechip Fund - Growth,10/11/2017,Additional Investment ,10000,455.7687,21.941
,Franklin India Bluechip Fund - Growth,14/11/2017,Additional Investment ,10000,450.7018,22.188
,Franklin India Bluechip Fund - Growth,12/12/2017,Additional Investment ,10000,450.429,22.201
,Franklin India Bluechip Fund - Growth,14/12/2017,Additional Investment ,10000,450.8708,22.179
,Franklin India Bluechip Fund - Growth,10/01/2018,Additional Investment ,10000,468.3489,21.352
,Franklin India Bluechip Fund - Growth,12/02/2018,Additional Investment ,10000,457.7254,21.847
,Franklin India Bluechip Fund - Growth,14/02/2018,Additional Investment ,10000,454.7569,21.99
,Franklin India Bluechip Fund - Growth,14/03/2018,Additional Investment ,10000,447.9042,22.326
,Franklin India Bluechip Fund - Growth,01/04/2019,Switch Out  -  Franklin India Smaller Companies Fund - Growth ,-300975.04,473.6336,-635.466
,Franklin India Prima Fund - Growth,29/12/2014,New Investment ,5000,620.3648,8.06
,Franklin India Prima Fund - Growth,16/01/2015,Additional Investment ,5000,655.0102,7.633
,Franklin India Prima Fund - Growth,18/02/2015,Additional Investment ,5000,672.8812,7.431
,Franklin India Prima Fund - Growth,17/03/2015,Additional Investment ,5000,674.2269,7.416
,Franklin India Prima Fund - Growth,16/04/2015,Additional Investment ,5000,679.9313,7.354
,Franklin India Prima Fund - Growth,18/05/2015,Additional Investment ,5000,656.7176,7.614
,Franklin India Prima Fund - Growth,16/06/2015,Additional Investment ,5000,638.7628,7.828
,Franklin India Prima Fund - Growth,16/07/2015,Additional Investment ,5000,685.4009,7.295
,Franklin India Prima Fund - Growth,18/08/2015,Additional Investment ,5000,688.7061,7.26
,Franklin India Prima Fund - Growth,16/09/2015,Additional Investment ,5000,645.2428,7.749
,Franklin India Prima Fund - Growth,16/10/2015,Additional Investment ,5000,672.374,7.436
,Franklin India Prima Fund - Growth,17/11/2015,Additional Investment ,5000,656.3437,7.618
,Franklin India Prima Fund - Growth,16/12/2015,Additional Investment ,5000,656.4382,7.617
,Franklin India Prima Fund - Growth,18/01/2016,Additional Investment ,5000,615.5887,8.122
,Franklin India Prima Fund - Growth,16/02/2016,Additional Investment ,5000,597.298,8.371
,Franklin India Prima Fund - Growth,16/03/2016,Additional Investment ,5000,618.4861,8.084
,Franklin India Prima Fund - Growth,18/04/2016,Additional Investment ,5000,676.6577,7.389
,Franklin India Prima Fund - Growth,17/05/2016,Additional Investment ,5000,686.2338,7.286
,Franklin India Prima Fund - Growth,16/06/2016,Additional Investment ,5000,708.6313,7.056
,Franklin India Prima Fund - Growth,15/07/2016,Additional Investment ,5000,744.8421,6.713
,Franklin India Prima Fund - Growth,17/08/2016,Additional Investment ,10000,773.2618,12.932
,Franklin India Prima Fund - Growth,15/09/2016,Additional Investment ,10000,782.6346,12.777
,Franklin India Prima Fund - Growth,17/10/2016,Additional Investment ,10000,797.1977,12.544
,Franklin India Prima Fund - Growth,15/11/2016,Additional Investment ,10000,729.1266,13.715
,Franklin India Prima Fund - Growth,15/12/2016,Additional Investment ,10000,736.9692,13.569
,Franklin India Prima Fund - Growth,15/02/2017,Additional Investment ,10000,798.5369,12.523
,Franklin India Prima Fund - Growth,15/03/2017,Additional Investment ,10000,828.7766,12.066
,Franklin India Prima Fund - Growth,17/04/2017,Additional Investment ,10000,877.2783,11.399
,Franklin India Prima Fund - Growth,16/05/2017,Additional Investment ,10000,907.096,11.024
,Franklin India Prima Fund - Growth,15/06/2017,Additional Investment ,10000,894.824,11.175
,Franklin India Prima Fund - Growth,17/07/2017,Additional Investment ,10000,902.7454,11.077
,Franklin India Prima Fund - Growth,16/08/2017,Additional Investment ,10000,906.4853,11.032
,Franklin India Prima Fund - Growth,15/09/2017,Additional Investment ,10000,932.6085,10.723
,Franklin India Prima Fund - Growth,17/10/2017,Additional Investment ,10000,943.9366,10.594
,Franklin India Prima Fund - Growth,15/11/2017,Additional Investment ,10000,945.6373,10.575
,Franklin India Prima Fund - Growth,15/12/2017,Additional Investment ,10000,980.6321,10.198
,Franklin India Prima Fund - Growth,11/01/2018,New Investment ,10000,1038.8211,9.626
,Franklin India Prima Fund - Growth,14/02/2018,Additional Investment ,10000,983.9771,10.163
,Franklin India Prima Fund - Growth,13/03/2018,Additional Investment ,10000,973.9265,10.268
,Franklin India Prima Fund - Growth,11/04/2018,Additional Investment ,10000,987.189,10.13
,Franklin India Prima Fund - Growth,11/05/2018,Additional Investment ,10000,992.1258,10.079
,Franklin India Prima Fund - Growth,12/06/2018,Additional Investment ,10000,974.8691,10.258
,Franklin India Prima Fund - Growth,11/07/2018,Additional Investment ,10000,953.3073,10.49
,Franklin India Prima Fund - Growth,13/08/2018,Additional Investment ,10000,972.6508,10.281
,Franklin India Prima Fund - Growth,11/09/2018,Additional Investment ,10000,956.1179,10.459
,Franklin India Prima Fund - Growth,11/10/2018,Additional Investment ,10000,859.6945,11.632
,Franklin India Prima Fund - Growth,13/11/2018,Additional Investment ,10000,893.875,11.187
,Franklin India Prima Fund - Growth,11/12/2018,Additional Investment ,10000,892.4636,11.205
,Franklin India Prima Fund - Growth,11/01/2019,Additional Investment ,10000,920.3008,10.866
,Franklin India Prima Fund - Growth,02/03/2020,Redemption ,-446485.92,938.2031,-475.899
,ICICI Prudential Bluechip Fund - Growth,11/03/2015,New Investment ,2000,30.23,66.159
,ICICI Prudential Bluechip Fund - Growth,13/04/2015,Additional Investment ,2000,30.51,65.552
,ICICI Prudential Bluechip Fund - Growth,12/05/2015,Additional Investment ,2000,28.22,70.872
,ICICI Prudential Bluechip Fund - Growth,11/06/2015,Additional Investment ,2000,27.99,71.454
,ICICI Prudential Bluechip Fund - Growth,13/07/2015,Additional Investment ,2000,29.62,67.522
,ICICI Prudential Bluechip Fund - Growth,11/08/2015,Additional Investment ,2000,30.19,66.247
,ICICI Prudential Bluechip Fund - Growth,11/09/2015,Additional Investment ,2000,27.75,72.072
,ICICI Prudential Bluechip Fund - Growth,13/10/2015,Additional Investment ,2000,28.69,69.711
,ICICI Prudential Bluechip Fund - Growth,13/11/2015,Additional Investment ,2000,28.12,71.124
,ICICI Prudential Bluechip Fund - Growth,11/12/2015,Additional Investment ,2000,27.59,72.49
,ICICI Prudential Bluechip Fund - Growth,12/01/2016,Additional Investment ,2000,27.13,73.719
,ICICI Prudential Bluechip Fund - Growth,11/02/2016,Additional Investment ,2000,25.03,79.904
,ICICI Prudential Bluechip Fund - Growth,29/01/2019,New Investment ,10000,39.06,256.016
,ICICI Prudential Bluechip Fund - Growth,28/02/2019,Additional Investment ,10000,39.72,251.762
,ICICI Prudential Bluechip Fund - Growth,28/03/2019,Additional Investment ,10000,42,238.095
,ICICI Prudential Bluechip Fund - Growth,30/04/2019,Additional Investment ,10000,42.6,234.742
,ICICI Prudential Bluechip Fund - Growth,28/05/2019,Additional Investment ,10000,43.46,230.097
,ICICI Prudential Bluechip Fund - Growth,28/06/2019,Additional Investment ,10000,43.2,231.481
,ICICI Prudential Bluechip Fund - Growth,30/07/2019,Additional Investment ,10000,40.73,245.519
,ICICI Prudential Bluechip Fund - Growth,28/08/2019,Additional Investment ,10000,40.32,248.016
,ICICI Prudential Bluechip Fund - Growth,30/09/2019,Additional Investment ,10000,42.31,236.351
,ICICI Prudential Bluechip Fund - Growth,28/11/2019,Additional Investment ,10000,44.29,225.785
,ICICI Prudential Bluechip Fund - Growth,30/12/2019,Additional Investment ,10000,44.78,223.314
,ICICI Prudential Bluechip Fund - Growth,28/01/2020,Additional Investment ,10000,44.32,225.632
,ICICI Prudential Bluechip Fund - Growth,28/02/2020,Additional Investment ,10000,41.13,243.132
,DSP Tax Saver Fund - Regular Plan - Growth,02/05/2018,New Investment ,10000,46.601,214.588
,DSP Tax Saver Fund - Regular Plan - Growth,29/05/2018,Additional Investment ,10000,45.755,218.555
,DSP Tax Saver Fund - Regular Plan - Growth,29/06/2018,Additional Investment ,10000,44.168,226.408
,DSP Tax Saver Fund - Regular Plan - Growth,31/07/2018,Additional Investment ,10000,47.182,211.945
,DSP Tax Saver Fund - Regular Plan - Growth,29/08/2018,Additional Investment ,10000,48.482,206.262
,DSP Tax Saver Fund - Regular Plan - Growth,01/10/2018,Additional Investment ,10000,44.173,226.383
,DSP Tax Saver Fund - Regular Plan - Growth,30/10/2018,Additional Investment ,5000,41.902,119.326
,DSP Tax Saver Fund - Regular Plan - Growth,29/11/2018,Additional Investment ,5000,44.535,112.271
,DSP Tax Saver Fund - Regular Plan - Growth,31/12/2018,Additional Investment ,5000,44.952,111.23
,DSP Tax Saver Fund - Regular Plan - Growth,01/03/2019,Additional Investment ,5000,44.684,111.897
,DSP Tax Saver Fund - Regular Plan - Growth,29/03/2019,Additional Investment ,5000,48.352,103.408
,DSP Tax Saver Fund - Regular Plan - Growth,30/04/2019,Additional Investment ,5000,48.445,103.21
,DSP Tax Saver Fund - Regular Plan - Growth,29/05/2019,Additional Investment ,5000,49.323,101.373
,DSP Tax Saver Fund - Regular Plan - Growth,01/07/2019,Additional Investment ,5000,49.191,101.645
,DSP Tax Saver Fund - Regular Plan - Growth,30/07/2019,Additional Investment ,5000,46.45,107.643
,DSP Tax Saver Fund - Regular Plan - Growth,29/08/2019,Additional Investment ,5000,46.387,107.789
,DSP Tax Saver Fund - Regular Plan - Growth,01/10/2019,Additional Investment ,5000,48.926,102.195
,DSP Tax Saver Fund - Regular Plan - Growth,29/11/2019,Additional Investment ,5000,51.499,97.089
,DSP Tax Saver Fund - Regular Plan - Growth,31/12/2019,Additional Investment ,5000,51.619,96.864
,DSP Tax Saver Fund - Regular Plan - Growth,29/01/2020,Additional Investment ,5000,52.606,95.046
,DSP Tax Saver Fund - Regular Plan - Growth,02/03/2020,Additional Investment ,5000,48.921,102.206
